column,dtype,total_count,null_count,null_pct,unique_count,min,max,mean,std,p25,p50,p75
Page Views,int64,2000,0,0.0,15,0.0,14.0,4.9505,2.1839,3.0,5.0,6.0
Session Duration,float64,2000,0,0.0,2000,0.0036130165019513,20.29051596751485,3.022,3.1045,0.8158,1.994,4.1976
Bounce Rate,float64,2000,0,0.0,2000,0.007868090852084,0.8449393803434533,0.2848,0.1598,0.162,0.2664,0.3886
Traffic Source,str,2000,0,0.0,5,,,,,,,
Time on Page,float64,2000,0,0.0,2000,0.068515467921686,24.79618220493364,4.0274,2.8874,1.935,3.3153,5.4146
Previous Visits,int64,2000,0,0.0,10,0.0,9.0,1.9785,1.4329,1.0,2.0,3.0
Conversion Rate,float64,2000,0,0.0,228,0.3436645887208477,1.0,0.9821,0.0657,1.0,1.0,1.0
